{"cameraMode":{"drawMode":0,"name":"Shaded","section":"Shading Mode"},"sceneLighting":true,"audioPlay":false,"sceneViewState":{"m_AlwaysRefresh":false,"showFog":true,"showSkybox":true,"showFlares":true,"showImageEffects":true,"showParticleSystems":true,"showVisualEffectGraphs":true,"m_FxEnabled":true},"in2DMode":false,"pivot":{"x":-2.022940158843994,"y":5.621828079223633,"z":-0.13911914825439454},"rotation":{"x":-0.0014208260690793396,"y":-0.9977986812591553,"z":0.02186295948922634,"w":-0.06355499476194382},"size":6.712160587310791,"orthographic":false}