{"cameraMode":{"drawMode":0,"name":"Shaded","section":"Shading Mode"},"sceneLighting":true,"audioPlay":false,"sceneViewState":{"m_AlwaysRefresh":false,"showFog":true,"showSkybox":true,"showFlares":true,"showImageEffects":true,"showParticleSystems":true,"showVisualEffectGraphs":true,"m_FxEnabled":true},"in2DMode":false,"pivot":{"x":25.482114791870118,"y":0.6365203857421875,"z":33.725955963134769},"rotation":{"x":0.00016550751752220094,"y":-0.6654852032661438,"z":0.7464984655380249,"w":0.0002517696120776236},"size":141.9648895263672,"orthographic":true}