{"cameraMode":{"drawMode":0,"name":"Shaded","section":"Shading Mode"},"sceneLighting":true,"audioPlay":false,"sceneViewState":{"m_AlwaysRefresh":false,"showFog":true,"showSkybox":true,"showFlares":true,"showImageEffects":true,"showParticleSystems":true,"showVisualEffectGraphs":true,"m_FxEnabled":true},"in2DMode":false,"pivot":{"x":-14.239229202270508,"y":12.229503631591797,"z":14.501487731933594},"rotation":{"x":-0.012972438707947731,"y":-0.9842681884765625,"z":0.0801924392580986,"w":-0.157823845744133},"size":36.061241149902347,"orthographic":false}