{"cameraMode":{"drawMode":0,"name":"Shaded","section":"Shading Mode"},"sceneLighting":true,"audioPlay":false,"sceneViewState":{"m_AlwaysRefresh":false,"showFog":true,"showSkybox":true,"showFlares":true,"showImageEffects":true,"showParticleSystems":true,"showVisualEffectGraphs":true,"m_FxEnabled":true},"in2DMode":false,"pivot":{"x":-3.372425079345703,"y":10.556087493896485,"z":-10.057849884033204},"rotation":{"x":0.10682826489210129,"y":0.8859996795654297,"z":-0.2526211142539978,"w":0.37413835525512698},"size":44.886940002441409,"orthographic":false}